;Pedido;Fecha_Ingreso_Pedido;Hora_Ingreso_Pedido;Destino;Toneladas_Pedidas;Tiempo_de_Carga_(min);Tiempo_de_Entrega_(min);Dia_Semana
0;901003;2022-01-01;14;Junín;6.0;40.0;41;SA
1;901004;2022-01-01;11;Tandil;5.0;21.0;410;SA
2;901005;2022-01-01;15;Junín;10.0;32.0;41;SA
3;901006;2022-01-02;9;Tandil;5.0;30.0;38;DO
4;901007;2022-01-02;14;Junín;5.0;39.0;45;DO
5;901008;2022-01-03;12;Junín;10.0;37.0;37;LU
6;901009;2022-01-03;11;La Plata;5.0;37.0;37;LU
7;901010;2022-01-04;15;Junín;9.0;37.0;36;MA
8;901011;2022-01-05;13;La Plata;3.0;33.0;37;MI
9;901012;2022-01-05;14;Mar del Plata;12.0;21.0;37;MI
10;901013;2022-01-05;9;Junín;9.0;21.0;39;MI
11;901014;2022-01-05;17;Mar del Plata;9.0;34.0;40;MI
12;901015;2022-01-05;16;Mar del Plata;6.0;32.0;39;MI
13;901016;2022-01-06;18;Mar del Plata;9.0;38.0;40;JU
14;901017;2022-01-07;9;Mar del Plata;5.0;22.0;38;VI
15;901018;2022-01-08;10;La Plata;11.0;34.0;43;SA
16;901019;2022-01-09;10;La Plata;10.0;20.0;42;DO
17;901020;2022-01-09;18;Tandil;4.0;34.0;36;DO
18;901021;2022-01-09;17;La Plata;10.0;33.0;40;DO
19;901022;2022-01-09;17;Junín;6.0;36.0;37;DO
20;901023;2022-01-09;11;Junín;5.0;23.0;39;DO
21;901024;2022-01-10;18;Mar del Plata;11.0;27.0;39;LU
22;901025;2022-01-11;13;Junín;12.0;31.0;38;MA
23;901026;2022-01-12;16;La Plata;9.0;32.0;39;MI
24;901027;2022-01-12;11;Mar del Plata;11.0;30.0;37;MI
25;901028;2022-01-12;13;Tandil;10.0;34.0;39;MI
26;901029;2022-01-13;10;Junín;600.0;24.0;36;JU
27;901030;2022-01-13;12;Junín;4.0;24.0;37;JU
28;901031;2022-01-13;16;Mar del Plata;12.0;34.0;39;JU
29;901032;2022-01-13;17;Mar del Plata;12.0;24.0;39;JU
30;901033;2022-01-13;15;Junín;6.0;27.0;39;JU
31;901034;2022-01-14;10;La Plata;10.0;27.0;38;VI
32;901035;2022-01-15;13;Mar del Plata;8.0;34.0;38;SA
34;901037;2022-01-15;12;Mar del Plata;4.0;30.0;38;SA
35;901038;2022-01-15;12;La Plata;12.0;28.0;45;SA
36;901039;2022-01-15;10;Mar del Plata;9.0;34.0;47;SA
37;901040;2022-01-15;13;Mar del Plata;3.0;37.0;38;SA
38;901041;2022-01-15;16;La Plata;8.0;40.0;40;SA
39;901042;2022-01-16;10;Tandil;8.0;32.0;43;DO
40;901043;2022-01-16;10;Junín;6.0;27.0;41;DO
41;901044;2022-01-16;13;Tandil;5.0;38.0;40;DO
42;901045;2022-01-16;16;Mar del Plata;6.0;28.0;46;DO
43;901046;2022-01-16;18;Tandil;8.0;21.0;38;DO
44;901047;2022-01-17;10;Mar del Plata;11.0;28.0;37;LU
45;901048;2022-01-17;17;Olavarría;9.0;22.0;42;LU
46;901049;2022-01-18;14;Tandil;3.0;23.0;38;MA
47;901050;2022-01-18;16;Junín;5.0;31.0;37;MA
48;901051;2022-01-18;13;Junín;6.0;28.0;37;MA
49;901052;2022-01-19;11;Mar del Plata;8.0;32.0;41;MI
50;901053;2022-01-20;12;Mar del Plata;4.0;38.0;37;JU
51;901054;2022-01-21;13;Mar del Plata;11.0;27.0;39;VI
52;901055;2022-01-21;10;La Plata;3.0;29.0;39;VI
53;901056;2022-01-21;17;Olavarría;12.0;28.0;40;VI
54;901057;2022-01-21;17;Mar del Plata;3.0;25.0;40;VI
55;901058;2022-01-21;16;Mar del Plata;11.0;40.0;43;VI
56;901059;2022-01-21;14;Tandil;5.0;31.0;40;VI
57;901060;2022-01-21;15;Mar del Plata;6.0;21.0;39;VI
58;901061;2022-01-21;16;Tandil;12.0;29.0;44;VI
59;901062;2022-01-22;17;Mar del Plata;6.0;33.0;43;SA
60;901063;2022-01-23;17;Mar del Plata;6.0;420.0;2;DO
61;901064;2022-01-24;17;Tandil;9.0;33.0;42;LU
62;901065;2022-01-24;16;Mar del Plata;3.0;27.0;43;LU
63;901066;2022-01-25;12;Junín;7.0;37.0;46;MA
64;901067;2022-01-25;15;La Plata;5.0;37.0;38;MA
65;901068;2022-01-26;18;Mar del Plata;6.0;33.0;37;MI
66;901069;2022-01-27;11;Junín;11.0;31.0;42;JU
67;901070;2022-01-27;12;Mar del Plata;7.0;23.0;45;JU
68;901071;2022-01-27;15;Junín;11.0;33.0;37;JU
69;901072;2022-01-27;16;La Plata;6.0;35.0;40;JU
70;901073;2022-01-27;15;Junín;3.0;37.0;36;JU
71;901074;2022-01-28;9;Tandil;5.0;31.0;43;VI
72;901075;2022-01-29;12;Junín;12.0;35.0;42;SA
73;901076;2022-01-29;18;Junín;11.0;32.0;38;SA
74;901077;2022-01-29;16;Junín;9.0;30.0;36;SA
75;901078;2022-01-29;9;Tandil;12.0;26.0;40;SA
76;901079;2022-01-30;12;Mar del Plata;8.0;31.0;48;DO
77;901080;2022-01-30;17;Mar del Plata;11.0;38.0;38;DO
78;901081;2022-01-30;11;Tandil;5.0;30.0;44;DO
79;901082;2022-01-30;14;Mar del Plata;5.0;38.0;38;DO
80;901083;2022-01-31;16;Mar del Plata;4.0;29.0;40;LU
81;901084;2022-01-31;9;Olavarría;4.0;35.0;40;LU
82;901085;2022-01-31;11;Junín;3.0;20.0;41;LU
83;901086;2022-02-01;9;Mar del Plata;12.0;30.0;39;MA
84;901087;2022-02-02;14;Olavarría;12.0;40.0;42;MI
85;901088;2022-02-03;17;Olavarría;9.0;29.0;36;JU
86;901089;2022-02-03;16;Junín;3.0;33.0;39;JU
87;901090;2022-02-03;15;Mar del Plata;6.0;34.0;36;JU
88;901091;2022-02-03;9;Tandil;8.0;24.0;37;JU
89;901092;2022-02-03;11;Junín;9.0;38.0;39;JU
90;901093;2022-02-03;10;Tandil;10.0;22.0;37;JU
91;901094;2022-02-03;11;La Plata;3.0;32.0;43;JU
92;901095;2022-02-03;17;Junín;5.0;32.0;42;JU
93;901096;2022-02-04;13;Mar del Plata;6.0;34.0;43;VI
94;901097;2022-02-04;15;Mar del Plata;3.0;30.0;40;VI
95;901098;2022-02-04;16;Junín;3.0;39.0;37;VI
96;901099;2022-02-04;12;Junín;12.0;24.0;39;VI
97;901100;2022-02-04;10;Tandil;6.0;28.0;38;VI
99;901102;2022-02-04;11;Junín;5.0;24.0;41;VI
100;901103;2022-02-04;12;Tandil;8.0;30.0;44;VI
101;901104;2022-02-04;16;Junín;4.0;21.0;40;VI
102;901105;2022-02-04;14;Tandil;9.0;31.0;43;VI
103;901106;2022-02-04;17;Mar del Plata;11.0;33.0;40;VI
104;901107;2022-02-04;15;Mar del Plata;3.0;21.0;46;VI
105;901108;2022-02-04;16;Mar del Plata;12.0;34.0;36;VI
106;901109;2022-02-04;18;Junín;7.0;25.0;37;VI
107;901110;2022-02-04;17;Mar del Plata;12.0;30.0;35;VI
108;901111;2022-02-04;12;La Plata;9.0;30.0;36;VI
109;901112;2022-02-04;16;Junín;5.0;30.0;43;VI
110;901113;2022-02-04;16;Junín;11.0;36.0;38;VI
111;901114;2022-02-04;10;Junín;9.0;30.0;39;VI
112;901115;2022-02-05;17;Mar del Plata;12.0;30.0;41;SA
113;901116;2022-02-06;17;La Plata;3.0;23.0;41;DO
114;901117;2022-02-06;9;Tandil;4.0;29.0;37;DO
115;901118;2022-02-06;16;Tandil;7.0;23.0;42;DO
116;901119;2022-02-06;15;Mar del Plata;12.0;32.0;40;DO
117;901120;2022-02-07;14;Junín;4.0;40.0;39;LU
118;901121;2022-02-07;13;Tandil;7.0;28.0;40;LU
119;901122;2022-02-07;17;Mar del Plata;7.0;35.0;40;LU
120;901123;2022-02-07;13;Mar del Plata;10.0;34.0;38;LU
121;901124;2022-02-07;11;Tandil;66.0;28.0;46;LU
122;901125;2022-02-07;18;Mar del Plata;11.0;37.0;42;LU
123;901126;2022-02-07;16;Junín;11.0;37.0;37;LU
124;901127;2022-02-07;9;La Plata;9.0;30.0;37;LU
125;901128;2022-02-08;10;Junín;9.0;34.0;42;MA
126;901129;2022-02-08;14;Mar del Plata;7.0;38.0;37;MA
127;901130;2022-02-08;9;Junín;10.0;28.0;39;MA
128;901131;2022-02-08;18;Junín;6.0;21.0;45;MA
129;901132;2022-02-09;9;Olavarría;8.0;29.0;37;MI
130;901133;2022-02-09;17;Mar del Plata;10.0;34.0;43;MI
131;901134;2022-02-10;11;Mar del Plata;11.0;40.0;37;JU
132;901135;2022-02-10;9;Mar del Plata;4.0;26.0;43;JU
133;901136;2022-02-11;16;Tandil;12.0;37.0;39;VI
134;901137;2022-02-11;14;Mar del Plata;5.0;32.0;44;VI
135;901138;2022-02-11;12;La Plata;11.0;34.0;42;VI
136;901139;2022-02-12;15;Tandil;7.0;31.0;38;SA
137;901140;2022-02-13;9;Mar del Plata;11.0;38.0;38;DO
138;901141;2022-02-14;13;Mar del Plata;8.0;33.0;40;LU
139;901142;2022-02-15;13;Mar del Plata;11.0;35.0;39;MA
140;901143;2022-02-15;12;Junín;8.0;27.0;38;MA
141;901144;2022-02-16;17;Junín;9.0;28.0;38;MI
142;901145;2022-02-17;11;Tandil;6.0;34.0;38;JU
143;901146;2022-02-17;14;Mar del Plata;9.0;24.0;40;JU
144;901147;2022-02-17;11;Tandil;10.0;210.0;37;JU
145;901148;2022-02-17;10;La Plata;6.0;29.0;39;JU
146;901149;2022-02-17;10;La Plata;8.0;40.0;38;JU
147;901150;2022-02-17;13;Mar del Plata;4.0;22.0;49;JU
148;901151;2022-02-17;10;La Plata;5.0;35.0;37;JU
149;901152;2022-02-17;18;Junín;6.0;32.0;40;JU
151;901154;2022-02-18;15;Junín;12.0;26.0;41;VI
152;901155;2022-02-18;12;Junín;7.0;1.02;36;VI
153;901156;2022-02-18;12;Tandil;5.0;27.0;40;VI
154;901157;2022-02-19;13;Mar del Plata;5.0;22.0;39;SA
155;901158;2022-02-19;9;Olavarría;11.0;28.0;37;SA
156;901159;2022-02-19;11;Tandil;5.0;40.0;41;SA
157;901160;2022-02-20;12;La Plata;10.0;31.0;37;DO
158;901161;2022-02-20;13;Junín;8.0;34.0;41;DO
159;901162;2022-02-21;9;Tandil;12.0;37.0;44;LU
160;901163;2022-02-21;15;Mar del Plata;12.0;23.0;44;LU
161;901164;2022-02-22;17;Mar del Plata;12.0;25.0;43;MA
162;901165;2022-02-22;9;Junín;3.0;24.0;36;MA
163;901166;2022-02-22;13;Tandil;8.0;37.0;41;MA
164;901167;2022-02-23;12;La Plata;5.0;33.0;43;MI
165;901168;2022-02-23;14;Tandil;9.0;40.0;45;MI
166;901169;2022-02-24;16;Tandil;3.0;27.0;37;JU
167;901170;2022-02-24;17;Junín;12.0;32.0;39;JU
168;901171;2022-02-25;17;Mar del Plata;7.0;20.0;43;VI
169;901172;2022-02-26;14;Mar del Plata;10.0;37.0;39;SA
170;901173;2022-02-26;14;La Plata;8.0;39.0;39;SA
171;901174;2022-02-26;17;Mar del Plata;6.0;31.0;36;SA
172;901175;2022-02-26;18;Mar del Plata;4.0;26.0;38;SA
173;901176;2022-02-26;13;Mar del Plata;5.0;38.0;39;SA
174;901177;2022-02-26;16;Mar del Plata;12.0;38.0;43;SA
175;901178;2022-02-26;16;Mar del Plata;4.0;25.0;38;SA
176;901179;2022-02-27;14;Mar del Plata;8.0;24.0;43;DO
177;901180;2022-02-28;12;La Plata;9.0;33.0;39;LU
178;901181;2022-02-28;14;Junín;10.0;36.0;43;LU
179;901182;2022-02-28;18;Tandil;11.0;34.0;37;LU
180;901183;2022-02-28;15;Tandil;9.0;30.0;37;LU
181;901184;2022-03-01;10;La Plata;11.0;27.0;38;MA
182;901185;2022-03-01;10;La Plata;12.0;29.0;43;MA
183;901186;2022-03-02;16;Junín;4.0;24.0;39;MI
184;901187;2022-03-02;12;Junín;9.0;26.0;38;MI
185;901188;2022-03-02;16;Junín;10.0;27.0;36;MI
186;901189;2022-03-02;12;Olavarría;3.0;25.0;37;MI
187;901190;2022-03-03;12;Junín;5.0;39.0;45;JU
188;901191;2022-03-04;18;Junín;11.0;32.0;40;VI
190;901193;2022-03-06;9;Tandil;10.0;35.0;42;DO
191;901194;2022-03-06;15;Junín;5.0;21.0;42;DO
192;901195;2022-03-06;14;Mar del Plata;10.0;35.0;39;DO
193;901196;2022-03-06;12;Junín;12.0;38.0;39;DO
194;901197;2022-03-06;9;La Plata;4.0;23.0;38;DO
195;901198;2022-03-06;10;La Plata;6.0;27.0;35;DO
196;901199;2022-03-07;17;Mar del Plata;3.0;32.0;38;LU
197;901200;2022-03-07;9;Mar del Plata;7.0;23.0;38;LU
198;901201;2022-03-07;14;Junín;12.0;39.0;44;LU
199;901202;2022-03-07;18;Mar del Plata;10.0;35.0;39;LU
200;901203;2022-03-07;15;Olavarría;3.0;36.0;43;LU
201;901204;2022-03-08;18;Junín;8.0;30.0;43;MA
202;901205;2022-03-08;12;Mar del Plata;5.0;32.0;38;MA
203;901206;2022-03-09;15;La Plata;10.0;31.0;43;MI
204;901207;2022-03-10;12;La Plata;9.0;32.0;38;JU
205;901208;2022-03-11;15;Mar del Plata;3.0;26.0;39;VI
206;901209;2022-03-11;13;Mar del Plata;3.0;37.0;42;VI
207;901210;2022-03-12;16;Junín;8.0;39.0;43;SA
208;901211;2022-03-12;13;Tandil;4.0;24.0;36;SA
209;901212;2022-03-12;15;Tandil;8.0;31.0;37;SA
210;901213;2022-03-12;9;La Plata;11.0;37.0;39;SA
211;901214;2022-03-13;10;Junín;9.0;32.0;40;DO
212;901215;2022-03-13;11;Junín;7.0;21.0;38;DO
213;901216;2022-03-13;17;Olavarría;11.0;32.0;39;DO
214;901217;2022-03-13;14;Mar del Plata;10.0;34.0;41;DO
215;901218;2022-03-14;16;Tandil;7.0;31.0;37;LU
216;901219;2022-03-15;16;Junín;8.0;29.0;38;MA
217;901220;2022-03-15;9;Mar del Plata;8.0;21.0;38;MA
218;901221;2022-03-15;16;Junín;8.0;21.0;36;MA
219;901222;2022-03-15;9;Mar del Plata;6.0;27.0;38;MA
220;901223;2022-03-16;18;Mar del Plata;8.0;30.0;39;MI
221;901224;2022-03-17;11;Junín;11.0;33.0;36;JU
222;901225;2022-03-18;9;Junín;3.0;35.0;38;VI
223;901226;2022-03-18;13;Mar del Plata;10.0;33.0;40;VI
224;901227;2022-03-18;11;Junín;3.0;29.0;42;VI
225;901228;2022-03-18;14;Olavarría;3.0;28.0;39;VI
226;901229;2022-03-18;17;Mar del Plata;7.0;35.0;47;VI
227;901230;2022-03-18;18;Mar del Plata;3.0;35.0;40;VI
228;901231;2022-03-19;17;Mar del Plata;6.0;38.0;38;SA
229;901232;2022-03-19;12;Junín;8.0;35.0;36;SA
230;901233;2022-03-19;18;Mar del Plata;8.0;37.0;40;SA
231;901234;2022-03-19;16;Junín;7.0;39.0;38;SA
232;901235;2022-03-20;16;Mar del Plata;7.0;29.0;38;DO
233;901236;2022-03-21;13;Tandil;10.0;24.0;45;LU
234;901237;2022-03-22;11;Tandil;5.0;27.0;39;MA
235;901238;2022-03-22;18;La Plata;3.0;33.0;42;MA
236;901239;2022-03-22;9;Tandil;9.0;20.0;38;MA
237;901240;2022-03-23;9;Mar del Plata;3.0;32.0;41;MI
238;901241;2022-03-23;9;Mar del Plata;8.0;34.0;41;MI
239;901242;2022-03-24;9;Mar del Plata;6.0;34.0;42;JU
240;901243;2022-03-25;15;Olavarría;4.0;29.0;38;VI
241;901244;2022-03-26;16;Mar del Plata;6.0;34.0;50;SA
242;901245;2022-03-26;10;La Plata;5.0;31.0;44;SA
243;901246;2022-03-27;18;Junín;5.0;24.0;41;DO
244;901247;2022-03-27;14;Junín;3.0;23.0;43;DO
245;901248;2022-03-27;18;Mar del Plata;5.0;35.0;40;DO
246;901249;2022-03-27;17;Tandil;3.0;27.0;37;DO
247;901250;2022-03-28;15;Tandil;4.0;32.0;37;LU
249;901252;2022-03-29;9;Mar del Plata;9.0;33.0;39;MA
250;901253;2022-03-30;11;Tandil;7.0;38.0;41;MI
252;901255;2022-03-30;14;Junín;9.0;28.0;38;MI
253;901256;2022-03-30;16;Junín;4.0;27.0;44;MI
254;901257;2022-03-30;18;Junín;8.0;30.0;43;MI
255;901258;2022-03-30;17;Junín;8.0;34.0;39;MI
256;901259;2022-03-31;17;Olavarría;5.0;39.0;48;JU
257;901260;2022-03-31;14;La Plata;5.0;26.0;43;JU
258;901261;2022-04-01;15;La Plata;8.0;36.0;45;VI
259;901262;2022-04-01;12;Mar del Plata;11.0;32.0;41;VI
260;901263;2022-04-01;12;Junín;7.0;32.0;36;VI
261;901264;2022-04-01;16;Mar del Plata;11.0;40.0;39;VI
262;901265;2022-04-01;18;La Plata;8.0;30.0;48;VI
263;901266;2022-04-02;12;La Plata;10.0;36.0;43;SA
264;901267;2022-04-03;12;Mar del Plata;11.0;38.0;38;DO
265;901268;2022-04-04;12;La Plata;12.0;22.0;36;LU
266;901269;2022-04-04;18;Mar del Plata;8.0;37.0;38;LU
267;901270;2022-04-04;17;Junín;4.0;30.0;37;LU
268;901271;2022-04-04;9;La Plata;4.0;28.0;40;LU
269;901272;2022-04-05;17;Tandil;3.0;39.0;48;MA
270;901273;2022-04-05;9;Junín;7.0;29.0;38;MA
271;901274;2022-04-05;17;Mar del Plata;11.0;32.0;42;MA
272;901275;2022-04-06;18;La Plata;11.0;25.0;37;MI
273;901276;2022-04-07;15;Junín;5.0;25.0;38;JU
274;901277;2022-04-07;11;Mar del Plata;6.0;23.0;38;JU
275;901278;2022-04-07;13;Mar del Plata;3.0;34.0;40;JU
276;901279;2022-04-07;9;Mar del Plata;5.0;24.0;41;JU
277;901280;2022-04-07;13;Tandil;12.0;36.0;36;JU
278;901281;2022-04-07;16;Mar del Plata;5.0;38.0;39;JU
279;901282;2022-04-07;14;Mar del Plata;4.0;39.0;36;JU
280;901283;2022-04-07;17;Olavarría;80.0;30.0;37;JU
281;901284;2022-04-07;15;Mar del Plata;6.0;22.0;43;JU
282;901285;2022-04-07;10;Mar del Plata;12.0;25.0;39;JU
283;901286;2022-04-07;13;La Plata;8.0;21.0;40;JU
284;901287;2022-04-07;9;Junín;6.0;25.0;38;JU
286;901289;2022-04-08;18;Tandil;6.0;35.0;37;VI
287;901290;2022-04-09;12;Tandil;6.0;31.0;38;SA
288;901291;2022-04-10;18;Junín;9.0;37.0;39;DO
289;901292;2022-04-10;12;Junín;7.0;28.0;42;DO
290;901293;2022-04-11;16;La Plata;6.0;37.0;41;LU
291;901294;2022-04-11;9;Junín;7.0;25.0;42;LU
292;901295;2022-04-11;10;La Plata;5.0;40.0;44;LU
293;901296;2022-04-11;13;La Plata;5.0;37.0;39;LU
294;901297;2022-04-12;17;Mar del Plata;7.0;33.0;41;MA
295;901298;2022-04-12;12;Mar del Plata;10.0;29.0;44;MA
296;901299;2022-04-12;14;Mar del Plata;10.0;22.0;42;MA
297;901300;2022-04-13;10;Tandil;3.0;22.0;42;MI
298;901301;2022-04-13;9;Mar del Plata;9.0;20.0;40;MI
299;901302;2022-04-13;12;La Plata;5.0;31.0;38;MI
300;901303;2022-04-14;18;Tandil;10.0;35.0;37;JU
301;901304;2022-04-14;18;Olavarría;12.0;32.0;36;JU
302;901305;2022-04-14;15;La Plata;12.0;32.0;36;JU
303;901306;2022-04-15;10;La Plata;12.0;20.0;37;VI
304;901307;2022-04-16;16;Tandil;10.0;2.0;46;SA
306;901309;2022-04-16;17;Junín;7.0;35.0;38;SA
307;901310;2022-04-17;12;Mar del Plata;3.0;20.0;39;DO
308;901311;2022-04-18;10;Mar del Plata;12.0;30.0;45;LU
309;901312;2022-04-18;11;La Plata;5.0;31.0;39;LU
310;901313;2022-04-18;15;Tandil;3.0;36.0;38;LU
311;901314;2022-04-18;12;Mar del Plata;5.0;22.0;43;LU
312;901315;2022-04-19;9;Mar del Plata;3.0;21.0;39;MA
313;901316;2022-04-20;17;Mar del Plata;11.0;27.0;37;MI
314;901317;2022-04-20;17;Tandil;5.0;26.0;37;MI
315;901318;2022-04-21;14;Mar del Plata;10.0;37.0;38;JU
316;901319;2022-04-21;11;Junín;7.0;35.0;39;JU
317;901320;2022-04-21;9;La Plata;8.0;26.0;42;JU
318;901321;2022-04-21;15;Mar del Plata;4.0;30.0;36;JU
319;901322;2022-04-21;10;Tandil;3.0;30.0;42;JU
320;901323;2022-04-21;10;La Plata;11.0;39.0;41;JU
321;901324;2022-04-21;12;Tandil;6.0;35.0;41;JU
322;901325;2022-04-21;10;Tandil;11.0;37.0;37;JU
323;901326;2022-04-21;15;La Plata;5.0;26.0;45;JU
324;901327;2022-04-22;16;Junín;3.0;30.0;46;VI
325;901328;2022-04-22;12;Junín;7.0;35.0;38;VI
326;901329;2022-04-22;18;Tandil;5.0;36.0;37;VI
327;901330;2022-04-22;12;La Plata;12.0;28.0;40;VI
328;901331;2022-04-22;12;Junín;11.0;25.0;43;VI
329;901332;2022-04-22;18;Junín;9.0;27.0;38;VI
330;901333;2022-04-22;11;Junín;9.0;26.0;38;VI
331;901334;2022-04-23;16;Junín;6.0;22.0;39;SA
332;901335;2022-04-24;9;Tandil;5.0;28.0;35;DO
333;901336;2022-04-25;13;Mar del Plata;12.0;38.0;36;LU
334;901337;2022-04-25;15;Junín;9.0;35.0;39;LU
335;901338;2022-04-25;16;Mar del Plata;10.0;36.0;42;LU
336;901339;2022-04-26;15;Mar del Plata;4.0;32.0;39;MA
337;901340;2022-04-26;9;Mar del Plata;7.0;25.0;42;MA
338;901341;2022-04-27;12;Mar del Plata;9.0;34.0;39;MI
339;901342;2022-04-27;18;Tandil;12.0;23.0;36;MI
340;901343;2022-04-28;15;Mar del Plata;5.0;28.0;38;JU
341;901344;2022-04-29;15;Junín;7.0;32.0;37;VI
342;901345;2022-04-29;14;Tandil;3.0;17.0;39;VI
343;901346;2022-04-29;16;Mar del Plata;4.0;31.0;39;VI
344;901347;2022-04-30;10;Mar del Plata;9.0;37.0;38;SA
345;901348;2022-05-01;17;Mar del Plata;6.0;36.0;39;DO
347;901350;2022-05-01;13;Tandil;8.0;37.0;38;DO
348;901351;2022-05-01;13;La Plata;11.0;29.0;44;DO
349;901352;2022-05-02;17;Junín;9.0;22.0;39;LU
350;901353;2022-05-02;18;Tandil;4.0;24.0;38;LU
351;901354;2022-05-02;15;Junín;9.0;22.0;53;LU
352;901355;2022-05-02;9;Mar del Plata;7.0;34.0;40;LU
353;901356;2022-05-03;12;La Plata;9.0;21.0;36;MA
354;901357;2022-05-03;14;La Plata;9.0;38.0;42;MA
355;901358;2022-05-04;11;Mar del Plata;3.0;37.0;37;MI
356;901359;2022-05-05;9;Mar del Plata;8.0;29.0;36;JU
357;901360;2022-05-06;9;Junín;6.0;34.0;37;VI
358;901361;2022-05-07;11;Tandil;12.0;27.0;37;SA
359;901362;2022-05-08;17;Junín;3.0;36.0;40;DO
360;901363;2022-05-08;14;Mar del Plata;8.0;28.0;39;DO
361;901364;2022-05-08;10;Mar del Plata;10.0;23.0;38;DO
362;901365;2022-05-08;14;Junín;11.0;35.0;43;DO
363;901366;2022-05-09;10;Mar del Plata;12.0;39.0;37;LU
364;901367;2022-05-09;14;Junín;9.0;34.0;39;LU
365;901368;2022-05-09;14;Junín;7.0;31.0;39;LU
366;901369;2022-05-09;15;Mar del Plata;9.0;32.0;44;LU
367;901370;2022-05-09;9;Mar del Plata;4.0;37.0;36;LU
368;901371;2022-05-09;16;Olavarría;6.0;26.0;36;LU
369;901372;2022-05-09;18;La Plata;8.0;34.0;36;LU
370;901373;2022-05-10;9;La Plata;3.0;31.0;35;MA
371;901374;2022-05-11;11;Junín;4.0;22.0;40;MI
372;901375;2022-05-11;10;Mar del Plata;3.0;28.0;43;MI
373;901376;2022-05-12;12;Mar del Plata;12.0;30.0;48;JU
374;901377;2022-05-13;14;Mar del Plata;5.0;40.0;38;VI
375;901378;2022-05-13;16;Junín;8.0;37.0;37;VI
376;901379;2022-05-13;10;Junín;6.0;26.0;37;VI
377;901380;2022-05-14;10;Tandil;7.0;32.0;37;SA
378;901381;2022-05-15;9;La Plata;7.0;33.0;44;DO
379;901382;2022-05-15;10;Tandil;4.0;27.0;38;DO
380;901383;2022-05-15;9;Junín;11.0;37.0;40;DO
381;901384;2022-05-15;12;Mar del Plata;11.0;28.0;36;DO
382;901385;2022-05-16;17;Mar del Plata;7.0;1.0;39;LU
383;901386;2022-05-16;16;Olavarría;10.0;32.0;43;LU
384;901387;2022-05-16;17;La Plata;11.0;35.0;39;LU
385;901388;2022-05-16;11;La Plata;7.0;22.0;38;LU
386;901389;2022-05-17;15;Mar del Plata;6.0;21.0;41;MA
387;901390;2022-05-17;13;Mar del Plata;12.0;2.0;38;MA
388;901391;2022-05-18;11;Mar del Plata;6.0;24.0;51;MI
389;901392;2022-05-18;17;Mar del Plata;7.0;1.0;38;MI
390;901393;2022-05-19;15;Junín;5.0;23.0;37;JU
391;901394;2022-05-19;15;La Plata;8.0;34.0;38;JU
392;901395;2022-05-19;14;Mar del Plata;7.0;30.0;37;JU
393;901396;2022-05-20;11;Mar del Plata;11.0;22.0;41;VI
394;901397;2022-05-21;10;La Plata;12.0;25.0;41;SA
395;901398;2022-05-21;12;Junín;7.0;37.0;39;SA
396;901399;2022-05-21;10;Tandil;11.0;31.0;38;SA
397;901400;2022-05-21;13;Mar del Plata;8.0;35.0;44;SA
398;901401;2022-05-22;16;Tandil;3.0;20.0;38;DO
399;901402;2022-05-22;10;Mar del Plata;6.0;22.0;39;DO
400;901403;2022-05-22;11;Tandil;4.0;31.0;42;DO
401;901404;2022-05-23;11;La Plata;7.0;35.0;39;LU
402;901405;2022-05-24;10;Mar del Plata;12.0;32.0;40;MA
403;901406;2022-05-25;18;Tandil;5.0;22.0;42;MI
404;901407;2022-05-25;12;Mar del Plata;5.0;26.0;41;MI
405;901408;2022-05-25;16;La Plata;11.0;29.0;41;MI
406;901409;2022-05-25;17;Junín;5.0;24.0;41;MI
407;901410;2022-05-26;17;Junín;12.0;34.0;46;JU
408;901411;2022-05-26;16;Tandil;8.0;33.0;42;JU
409;901412;2022-05-26;13;Mar del Plata;5.0;22.0;37;JU
410;901413;2022-05-26;10;Mar del Plata;8.0;38.0;41;JU
411;901414;2022-05-26;16;La Plata;4.0;31.0;38;JU
412;901415;2022-05-26;15;Mar del Plata;9.0;32.0;39;JU
413;901416;2022-05-27;14;Mar del Plata;12.0;23.0;38;VI
414;901417;2022-05-27;13;Tandil;4.0;39.0;36;VI
415;901418;2022-05-27;10;La Plata;11.0;31.0;40;VI
416;901419;2022-05-27;12;Tandil;11.0;36.0;39;VI
417;901420;2022-05-27;16;Mar del Plata;10.0;27.0;39;VI
418;901421;2022-05-28;15;Junín;5.0;27.0;37;SA
419;901422;2022-05-28;9;La Plata;6.0;26.0;38;SA
420;901423;2022-05-28;18;Junín;11.0;38.0;40;SA
421;901424;2022-05-28;15;Mar del Plata;3.0;36.0;38;SA
422;901425;2022-05-28;17;La Plata;3.0;36.0;38;SA
423;901426;2022-05-29;15;Tandil;10.0;26.0;38;DO
424;901427;2022-05-30;16;Tandil;12.0;23.0;36;LU
425;901428;2022-05-30;13;Mar del Plata;8.0;32.0;41;LU
426;901429;2022-05-30;9;Tandil;9.0;34.0;35;LU
427;901430;2022-05-31;11;Tandil;8.0;24.0;42;MA
428;901431;2022-06-01;13;Olavarría;9.0;22.0;39;MI
429;901432;2022-06-02;18;Junín;11.0;38.0;41;JU
430;901433;2022-06-03;18;Junín;6.0;34.0;45;VI
431;901434;2022-06-04;15;Olavarría;11.0;36.0;40;SA
432;901435;2022-06-04;15;Mar del Plata;8.0;37.0;39;SA
433;901436;2022-06-04;16;Mar del Plata;9.0;39.0;47;SA
434;901437;2022-06-04;18;La Plata;3.0;34.0;42;SA
435;901438;2022-06-04;11;Junín;9.0;22.0;37;SA
436;901439;2022-06-04;14;Mar del Plata;9.0;32.0;36;SA
437;901440;2022-06-04;17;Junín;7.0;33.0;46;SA
438;901441;2022-06-04;10;Tandil;4.0;26.0;40;SA
439;901442;2022-06-04;14;Tandil;11.0;30.0;47;SA
440;901443;2022-06-05;15;Junín;3.0;31.0;39;DO
441;901444;2022-06-05;17;Junín;12.0;34.0;39;DO
442;901445;2022-06-06;11;Junín;6.0;29.0;39;LU
443;901446;2022-06-06;10;Junín;7.0;28.0;40;LU
444;901447;2022-06-07;11;Junín;7.0;39.0;45;MA
445;901448;2022-06-07;11;Mar del Plata;7.0;28.0;37;MA
446;901449;2022-06-08;16;La Plata;9.0;31.0;37;MI
447;901450;2022-06-08;16;Tandil;3.0;24.0;37;MI
448;901451;2022-06-08;9;Mar del Plata;12.0;25.0;42;MI
449;901452;2022-06-08;13;Mar del Plata;11.0;25.0;38;MI
450;901453;2022-06-09;11;Mar del Plata;9.0;40.0;40;JU
451;901454;2022-06-09;18;La Plata;3.0;22.0;41;JU
452;901455;2022-06-10;11;Junín;3.0;37.0;42;VI
453;901456;2022-06-10;11;Tandil;10.0;8.0;40;VI
454;901457;2022-06-10;11;La Plata;12.0;34.0;39;VI
455;901458;2022-06-10;15;Junín;8.0;36.0;39;VI
456;901459;2022-06-10;18;Mar del Plata;4.0;28.0;36;VI
457;901460;2022-06-11;18;Mar del Plata;3.0;31.0;44;SA
458;901461;2022-06-12;17;Mar del Plata;12.0;23.0;35;DO
459;901462;2022-06-12;13;Tandil;11.0;28.0;40;DO
460;901463;2022-06-13;15;Mar del Plata;3.0;31.0;49;LU
461;901464;2022-06-14;12;Mar del Plata;3.0;30.0;45;MA
462;901465;2022-06-15;15;Tandil;12.0;29.0;42;MI
463;901466;2022-06-15;14;Junín;10.0;37.0;45;MI
464;901467;2022-06-16;16;Junín;10.0;22.0;45;JU
465;901468;2022-06-16;14;La Plata;3.0;35.0;40;JU
466;901469;2022-06-16;17;Junín;5.0;38.0;40;JU
467;901470;2022-06-17;14;Tandil;8.0;33.0;42;VI
468;901471;2022-06-17;12;Junín;9.0;29.0;42;VI
469;901472;2022-06-17;14;Junín;10.0;23.0;39;VI
470;901473;2022-06-17;17;La Plata;4.0;21.0;39;VI
471;901474;2022-06-18;9;Mar del Plata;10.0;36.0;5;SA
472;901475;2022-06-19;9;Mar del Plata;8.0;40.0;43;DO
473;901476;2022-06-20;9;Mar del Plata;9.0;39.0;433;LU
474;901477;2022-06-20;11;La Plata;11.0;32.0;37;LU
475;901478;2022-06-21;17;Mar del Plata;7.0;33.0;40;MA
476;901479;2022-06-22;14;Tandil;3.0;23.0;42;MI
477;901480;2022-06-22;15;Junín;8.0;29.0;41;MI
478;901481;2022-06-22;17;Tandil;7.0;25.0;45;MI
479;901482;2022-06-22;15;Mar del Plata;12.0;37.0;44;MI
480;901483;2022-06-22;9;Mar del Plata;3.0;31.0;39;MI
481;901484;2022-06-22;11;Junín;7.0;20.0;44;MI
482;901485;2022-06-22;11;Junín;8.0;36.0;42;MI
483;901486;2022-06-22;15;Mar del Plata;11.0;33.0;44;MI
484;901487;2022-06-23;17;Mar del Plata;4.0;27.0;44;JU
485;901488;2022-06-24;9;Mar del Plata;7.0;35.0;38;VI
486;901489;2022-06-24;16;Mar del Plata;7.0;36.0;41;VI
487;901490;2022-06-24;15;Junín;10.0;37.0;44;VI
489;901492;2022-06-24;18;Mar del Plata;3.0;27.0;42;VI
490;901493;2022-06-24;12;Junín;7.0;24.0;36;VI
491;901494;2022-06-24;15;Mar del Plata;6.0;28.0;38;VI
492;901495;2022-06-24;13;Mar del Plata;7.0;35.0;36;VI
493;901496;2022-06-25;11;Mar del Plata;5.0;36.0;37;SA
494;901497;2022-06-25;16;Mar del Plata;3.0;25.0;42;SA
495;901498;2022-06-25;9;Mar del Plata;8.0;31.0;39;SA
496;901499;2022-06-25;15;Junín;6.0;31.0;37;SA
497;901500;2022-06-25;11;Junín;12.0;33.0;38;SA
498;901501;2022-06-26;15;Olavarría;6.0;28.0;40;DO
499;901502;2022-06-26;13;Tandil;6.0;28.0;43;DO
500;901503;2022-06-26;13;La Plata;10.0;25.0;39;DO
501;901504;2022-06-26;17;Junín;10.0;37.0;38;DO
502;901505;2022-06-27;17;Mar del Plata;7.0;37.0;40;LU
503;901506;2022-06-27;9;La Plata;7.0;28.0;45;LU
504;901507;2022-06-27;13;Tandil;5.0;22.0;43;LU
505;901508;2022-06-28;9;Junín;4.0;26.0;46;MA
506;901509;2022-06-28;14;Mar del Plata;3.0;33.0;46;MA
507;901510;2022-06-29;13;Tandil;11.0;34.0;38;MI
508;901511;2022-06-29;11;Tandil;9.0;28.0;45;MI
509;901512;2022-06-30;9;Junín;6.0;39.0;43;JU
510;901513;2022-06-30;12;Junín;10.0;33.0;40;JU
511;901514;2022-06-30;12;Olavarría;12.0;25.0;36;JU
512;901515;2022-06-30;10;Junín;5.0;36.0;40;JU
513;901516;2022-06-30;13;Mar del Plata;11.0;30.0;38;JU
514;901517;2022-07-01;11;Junín;10.0;31.0;37;VI
515;901518;2022-07-02;12;Tandil;10.0;28.0;36;SA
516;901519;2022-07-02;10;La Plata;4.0;39.0;39;SA
517;901520;2022-07-03;10;Mar del Plata;8.0;24.0;39;DO
518;901521;2022-07-03;15;Tandil;8.0;34.0;39;DO
519;901522;2022-07-03;11;Mar del Plata;8.0;30.0;39;DO
520;901523;2022-07-03;9;La Plata;10.0;25.0;39;DO
521;901524;2022-07-03;14;Tandil;3.0;36.0;41;DO
522;901525;2022-07-04;16;La Plata;10.0;1.0;41;LU
523;901526;2022-07-05;15;Tandil;7.0;28.0;39;MA
524;901527;2022-07-06;12;Mar del Plata;4.0;22.0;42;MI
525;901528;2022-07-06;17;Junín;3.0;38.0;47;MI
526;901529;2022-07-06;15;Olavarría;12.0;27.0;46;MI
527;901530;2022-07-06;14;Tandil;10.0;36.0;38;MI
528;901531;2022-07-06;11;Tandil;5.0;36.0;38;MI
529;901532;2022-07-06;14;La Plata;7.0;26.0;43;MI
530;901533;2022-07-06;10;Olavarría;9.0;22.0;45;MI
531;901534;2022-07-07;12;La Plata;3.0;33.0;39;JU
532;901535;2022-07-07;11;Mar del Plata;11.0;24.0;40;JU
533;901536;2022-07-08;13;La Plata;6.0;32.0;49;VI
534;901537;2022-07-09;17;La Plata;8.0;38.0;40;SA
535;901538;2022-07-09;11;La Plata;8.0;21.0;37;SA
536;901539;2022-07-09;17;Junín;5.0;36.0;40;SA
537;901540;2022-07-09;14;Mar del Plata;11.0;29.0;37;SA
538;901541;2022-07-09;16;Mar del Plata;11.0;37.0;40;SA
539;901542;2022-07-10;18;Junín;12.0;24.0;43;DO
540;901543;2022-07-10;18;Tandil;3.0;34.0;38;DO
541;901544;2022-07-11;15;Junín;3.0;34.0;43;LU
542;901545;2022-07-11;15;Mar del Plata;12.0;35.0;37;LU
543;901546;2022-07-11;15;La Plata;11.0;27.0;39;LU
544;901547;2022-07-11;10;Tandil;5.0;29.0;38;LU
545;901548;2022-07-12;17;Mar del Plata;3.0;37.0;37;MA
546;901549;2022-07-13;16;La Plata;10.0;29.0;43;MI
547;901550;2022-07-14;11;Tandil;8.0;24.0;44;JU
548;901551;2022-07-15;15;Mar del Plata;10.0;31.0;39;VI
549;901552;2022-07-16;17;Mar del Plata;3.0;21.0;44;SA
550;901553;2022-07-16;13;La Plata;8.0;27.0;37;SA
551;901554;2022-07-16;17;Junín;6.0;37.0;42;SA
552;901555;2022-07-16;9;La Plata;6.0;30.0;44;SA
553;901556;2022-07-17;16;Junín;6.0;28.0;44;DO
554;901557;2022-07-18;9;Mar del Plata;3.0;37.0;40;LU
555;901558;2022-07-18;11;Junín;12.0;38.0;42;LU
556;901559;2022-07-18;17;Tandil;3.0;36.0;43;LU
557;901560;2022-07-18;15;Mar del Plata;11.0;35.0;42;LU
558;901561;2022-07-18;16;La Plata;6.0;23.0;43;LU
559;901562;2022-07-19;11;La Plata;10.0;34.0;45;MA
560;901563;2022-07-19;10;La Plata;10.0;26.0;37;MA
561;901564;2022-07-19;13;La Plata;12.0;39.0;49;MA
562;901565;2022-07-19;15;Mar del Plata;8.0;34.0;40;MA
563;901566;2022-07-19;9;Junín;10.0;31.0;41;MA
564;901567;2022-07-19;10;Tandil;4.0;39.0;38;MA
565;901568;2022-07-19;17;Junín;11.0;32.0;37;MA
566;901569;2022-07-19;14;La Plata;9.0;31.0;39;MA
567;901570;2022-07-20;11;La Plata;10.0;33.0;37;MI
568;901571;2022-07-20;15;Tandil;10.0;31.0;41;MI
569;901572;2022-07-20;9;Mar del Plata;5.0;25.0;40;MI
570;901573;2022-07-21;11;La Plata;5.0;38.0;36;JU
571;901574;2022-07-22;18;Mar del Plata;11.0;37.0;37;VI
572;901575;2022-07-23;15;Mar del Plata;4.0;32.0;39;SA
573;901576;2022-07-23;10;Junín;3.0;30.0;43;SA
574;901577;2022-07-23;11;Junín;7.0;29.0;40;SA
575;901578;2022-07-23;10;Tandil;12.0;35.0;40;SA
576;901579;2022-07-23;9;Mar del Plata;9.0;30.0;38;SA
577;901580;2022-07-23;13;Junín;4.0;35.0;45;SA
578;901581;2022-07-23;9;Junín;10.0;36.0;43;SA
579;901582;2022-07-24;14;Tandil;8.0;27.0;36;DO
580;901583;2022-07-24;18;Junín;10.0;30.0;35;DO
581;901584;2022-07-24;9;Tandil;3.0;30.0;46;DO
582;901585;2022-07-25;16;Mar del Plata;5.0;23.0;39;LU
583;901586;2022-07-26;15;Junín;12.0;31.0;40;MA
584;901587;2022-07-26;9;La Plata;10.0;32.0;35;MA
585;901588;2022-07-26;9;Junín;6.0;28.0;38;MA
586;901589;2022-07-26;10;Junín;3.0;28.0;40;MA
587;901590;2022-07-26;16;La Plata;6.0;29.0;39;MA
588;901591;2022-07-27;16;Olavarría;3.0;21.0;37;MI
589;901592;2022-07-28;14;Junín;5.0;30.0;40;JU
590;901593;2022-07-29;16;Mar del Plata;3.0;33.0;42;VI
591;901594;2022-07-29;13;Mar del Plata;4.0;30.0;42;VI
592;901595;2022-07-30;18;Junín;9.0;35.0;40;SA
593;901596;2022-07-31;16;Mar del Plata;4.0;22.0;36;DO
594;901597;2022-07-31;15;Junín;6.0;39.0;37;DO
595;901598;2022-08-01;14;La Plata;4.0;32.0;39;LU
596;901599;2022-08-01;15;Junín;8.0;25.0;42;LU
597;901600;2022-08-01;18;Tandil;10.0;29.0;38;LU
598;901601;2022-08-02;18;La Plata;4.0;27.0;39;MA
599;901602;2022-08-03;13;Junín;9.0;27.0;45;MI
600;901603;2022-08-03;10;Tandil;9.0;31.0;41;MI
602;901605;2022-08-04;16;Tandil;7.0;34.0;43;JU
603;901606;2022-08-04;17;Tandil;9.0;27.0;39;JU
604;901607;2022-08-04;17;La Plata;4.0;31.0;40;JU
605;901608;2022-08-05;16;Mar del Plata;9.0;21.0;40;VI
606;901609;2022-08-05;18;Mar del Plata;12.0;20.0;39;VI
607;901610;2022-08-05;11;La Plata;7.0;32.0;36;VI
608;901611;2022-08-06;12;Tandil;6.0;27.0;42;SA
609;901612;2022-08-06;15;La Plata;8.0;36.0;37;SA
610;901613;2022-08-06;9;Mar del Plata;3.0;34.0;40;SA
611;901614;2022-08-07;15;Mar del Plata;6.0;34.0;46;DO
612;901615;2022-08-08;9;Junín;3.0;23.0;40;LU
613;901616;2022-08-08;14;Mar del Plata;9.0;24.0;41;LU
614;901617;2022-08-08;9;La Plata;8.0;21.0;44;LU
615;901618;2022-08-08;14;Junín;12.0;32.0;38;LU
616;901619;2022-08-09;9;Junín;8.0;25.0;46;MA
617;901620;2022-08-09;10;Mar del Plata;6.0;34.0;44;MA
618;901621;2022-08-10;11;Junín;11.0;37.0;41;MI
619;901622;2022-08-10;12;Tandil;9.0;22.0;39;MI
620;901623;2022-08-11;17;Mar del Plata;11.0;25.0;42;JU
621;901624;2022-08-12;14;La Plata;3.0;29.0;37;VI
622;901625;2022-08-12;11;Tandil;6.0;21.0;43;VI
623;901626;2022-08-12;14;Mar del Plata;6.0;26.0;45;VI
624;901627;2022-08-12;10;Mar del Plata;7.0;24.0;44;VI
625;901628;2022-08-13;15;Tandil;7.0;27.0;43;SA
626;901629;2022-08-13;11;Junín;3.0;29.0;37;SA
627;901630;2022-08-14;15;Junín;6.0;23.0;39;DO
628;901631;2022-08-14;12;Mar del Plata;8.0;38.0;43;DO
629;901632;2022-08-14;10;Mar del Plata;6.0;40.0;38;DO
630;901633;2022-08-14;15;Junín;6.0;28.0;48;DO
631;901634;2022-08-14;9;Mar del Plata;4.0;23.0;38;DO
632;901635;2022-08-15;17;Mar del Plata;3.0;36.0;45;LU
633;901636;2022-08-16;16;Junín;9.0;37.0;40;MA
634;901637;2022-08-17;14;Junín;7.0;39.0;42;MI
635;901638;2022-08-17;15;Junín;6.0;32.0;40;MI
636;901639;2022-08-18;11;Junín;7.0;24.0;36;JU
637;901640;2022-08-18;16;La Plata;5.0;23.0;45;JU
638;901641;2022-08-19;16;La Plata;12.0;22.0;37;VI
639;901642;2022-08-20;18;Junín;10.0;32.0;40;SA
640;901643;2022-08-21;14;Olavarría;10.0;33.0;45;DO
641;901644;2022-08-21;14;La Plata;10.0;31.0;46;DO
642;901645;2022-08-21;13;La Plata;10.0;34.0;41;DO
643;901646;2022-08-22;16;Junín;5.0;31.0;40;LU
644;901647;2022-08-22;12;Tandil;9.0;34.0;47;LU
645;901648;2022-08-22;12;Junín;7.0;36.0;39;LU
646;901649;2022-08-22;16;Mar del Plata;5.0;30.0;48;LU
647;901650;2022-08-23;16;Mar del Plata;12.0;22.0;39;MA
648;901651;2022-08-23;10;Tandil;5.0;23.0;38;MA
649;901652;2022-08-24;18;Tandil;3.0;33.0;36;MI
650;901653;2022-08-24;9;Mar del Plata;9.0;30.0;42;MI
651;901654;2022-08-24;12;Tandil;10.0;38.0;41;MI
652;901655;2022-08-24;14;Tandil;12.0;38.0;39;MI
653;901656;2022-08-24;15;Mar del Plata;7.0;28.0;44;MI
654;901657;2022-08-24;9;Mar del Plata;7.0;36.0;36;MI
655;901658;2022-08-25;18;Mar del Plata;4.0;34.0;40;JU
656;901659;2022-08-25;10;Olavarría;3.0;39.0;38;JU
657;901660;2022-08-26;15;La Plata;10.0;21.0;41;VI
658;901661;2022-08-26;14;Mar del Plata;5.0;28.0;40;VI
659;901662;2022-08-26;12;La Plata;10.0;36.0;46;VI
660;901663;2022-08-27;16;Tandil;9.0;34.0;35;SA
661;901664;2022-08-28;9;Junín;7.0;33.0;37;DO
662;901665;2022-08-29;17;Mar del Plata;10.0;25.0;44;LU
663;901666;2022-08-29;12;La Plata;9.0;24.0;40;LU
664;901667;2022-08-29;12;Junín;3.0;26.0;40;LU
665;901668;2022-08-29;18;La Plata;11.0;20.0;36;LU
666;901669;2022-08-30;9;La Plata;9.0;21.0;36;MA
667;901670;2022-08-30;9;Tandil;9.0;28.0;37;MA
668;901671;2022-08-30;13;Junín;8.0;27.0;38;MA
669;901672;2022-08-31;11;Olavarría;9.0;23.0;38;MI
670;901673;2022-09-01;13;Tandil;4.0;22.0;46;JU
671;901674;2022-09-01;16;Mar del Plata;4.0;140.0;42;JU
672;901675;2022-09-01;9;Olavarría;9.0;26.0;37;JU
673;901676;2022-09-01;9;Mar del Plata;4.0;33.0;40;JU
674;901677;2022-09-02;15;Junín;6.0;34.0;38;VI
675;901678;2022-09-03;15;Mar del Plata;12.0;25.0;39;SA
676;901679;2022-09-03;16;Mar del Plata;5.0;38.0;39;SA
677;901680;2022-09-04;13;Junín;11.0;34.0;36;DO
678;901681;2022-09-04;11;Tandil;5.0;39.0;35;DO
679;901682;2022-09-04;15;Tandil;9.0;28.0;37;DO
680;901683;2022-09-04;9;Mar del Plata;12.0;26.0;38;DO
681;901684;2022-09-04;13;Olavarría;8.0;30.0;42;DO
682;901685;2022-09-05;16;Tandil;4.0;31.0;44;LU
683;901686;2022-09-05;12;Mar del Plata;8.0;25.0;37;LU
684;901687;2022-09-05;12;Olavarría;7.0;34.0;42;LU
685;901688;2022-09-05;12;Mar del Plata;8.0;28.0;44;LU
686;901689;2022-09-05;11;Junín;11.0;27.0;42;LU
687;901690;2022-09-05;13;La Plata;11.0;21.0;41;LU
688;901691;2022-09-05;16;Olavarría;12.0;32.0;43;LU
689;901692;2022-09-06;11;Tandil;6.0;36.0;38;MA
690;901693;2022-09-07;11;Junín;8.0;28.0;45;MI
691;901694;2022-09-07;14;Tandil;4.0;26.0;48;MI
692;901695;2022-09-08;16;Mar del Plata;8.0;38.0;40;JU
693;901696;2022-09-09;17;Mar del Plata;9.0;33.0;42;VI
694;901697;2022-09-10;18;Mar del Plata;4.0;32.0;36;SA
695;901698;2022-09-11;14;Tandil;9.0;37.0;43;DO
696;901699;2022-09-12;18;Mar del Plata;5.0;36.0;36;LU
697;901700;2022-09-12;15;Junín;3.0;22.0;40;LU
698;901701;2022-09-12;15;Mar del Plata;12.0;28.0;36;LU
699;901702;2022-09-12;12;Junín;8.0;33.0;39;LU
700;901703;2022-09-13;13;Olavarría;5.0;31.0;36;MA
701;901704;2022-09-13;13;Mar del Plata;12.0;30.0;40;MA
702;901705;2022-09-14;16;Tandil;4.0;37.0;41;MI
703;901706;2022-09-15;16;Junín;10.0;33.0;38;JU
704;901707;2022-09-15;16;Junín;4.0;32.0;44;JU
705;901708;2022-09-15;12;Mar del Plata;5.0;38.0;38;JU
706;901709;2022-09-15;17;Mar del Plata;10.0;23.0;36;JU
707;901710;2022-09-15;11;Mar del Plata;11.0;33.0;38;JU
708;901711;2022-09-15;17;Olavarría;12.0;32.0;41;JU
709;901712;2022-09-16;11;Tandil;8.0;25.0;39;VI
710;901713;2022-09-17;16;Olavarría;4.0;35.0;37;SA
711;901714;2022-09-18;18;Tandil;8.0;33.0;36;DO
712;901715;2022-09-19;14;Junín;4.0;30.0;43;LU
713;901716;2022-09-19;18;Junín;10.0;29.0;38;LU
714;901717;2022-09-19;10;Olavarría;9.0;37.0;40;LU
715;901718;2022-09-19;12;Tandil;12.0;27.0;38;LU
716;901719;2022-09-19;14;Olavarría;9.0;31.0;42;LU
717;901720;2022-09-20;14;La Plata;4.0;31.0;41;MA
718;901721;2022-09-21;9;Tandil;7.0;36.0;40;MI
719;901722;2022-09-21;16;Mar del Plata;9.0;33.0;43;MI
720;901723;2022-09-22;14;Tandil;5.0;37.0;40;JU
721;901724;2022-09-22;9;La Plata;7.0;35.0;41;JU
722;901725;2022-09-22;15;Mar del Plata;8.0;31.0;40;JU
723;901726;2022-09-22;13;Tandil;5.0;29.0;41;JU
724;901727;2022-09-23;9;Junín;10.0;31.0;36;VI
725;901728;2022-09-23;18;Tandil;7.0;28.0;41;VI
726;901729;2022-09-23;15;Tandil;3.0;30.0;38;VI
727;901730;2022-09-23;12;Mar del Plata;5.0;28.0;41;VI
728;901731;2022-09-24;15;Tandil;11.0;23.0;46;SA
729;901732;2022-09-24;12;Tandil;11.0;28.0;40;SA
730;901733;2022-09-24;10;Mar del Plata;5.0;24.0;38;SA
731;901734;2022-09-24;14;Mar del Plata;12.0;31.0;40;SA
732;901735;2022-09-25;13;Tandil;8.0;29.0;40;DO
733;901736;2022-09-26;14;Junín;12.0;33.0;36;LU
734;901737;2022-09-27;17;Olavarría;6.0;26.0;41;MA
735;901738;2022-09-27;12;Mar del Plata;3.0;22.0;38;MA
736;901739;2022-09-27;10;Junín;10.0;29.0;39;MA
737;901740;2022-09-27;9;Mar del Plata;10.0;25.0;38;MA
738;901741;2022-09-28;14;Tandil;4.0;34.0;43;MI
739;901742;2022-09-28;11;Junín;8.0;27.0;40;MI
740;901743;2022-09-28;17;Tandil;12.0;24.0;43;MI
741;901744;2022-09-29;12;Tandil;8.0;33.0;37;JU
742;901745;2022-09-29;15;La Plata;12.0;23.0;38;JU
743;901746;2022-09-29;17;Mar del Plata;12.0;30.0;41;JU
744;901747;2022-09-29;10;La Plata;3.0;36.0;46;JU
745;901748;2022-09-29;17;Mar del Plata;10.0;22.0;37;JU
746;901749;2022-09-30;15;Junín;11.0;27.0;40;VI
747;901750;2022-10-01;12;Junín;3.0;29.0;39;SA
748;901751;2022-10-02;14;Tandil;7.0;28.0;42;DO
749;901752;2022-10-03;16;La Plata;10.0;29.0;37;LU
750;901753;2022-10-03;12;Mar del Plata;10.0;25.0;39;LU
751;901754;2022-10-04;14;La Plata;12.0;32.0;38;MA
752;901755;2022-10-04;12;Mar del Plata;4.0;39.0;39;MA
753;901756;2022-10-05;16;Junín;9.0;32.0;43;MI
754;901757;2022-10-05;14;Tandil;4.0;38.0;39;MI
755;901758;2022-10-06;10;Mar del Plata;10.0;23.0;38;JU
756;901759;2022-10-06;12;Mar del Plata;9.0;22.0;47;JU
757;901760;2022-10-06;15;La Plata;4.0;30.0;38;JU
758;901761;2022-10-06;11;La Plata;9.0;32.0;41;JU
759;901762;2022-10-06;18;Mar del Plata;10.0;40.0;40;JU
760;901763;2022-10-06;11;Junín;4.0;36.0;41;JU
761;901764;2022-10-06;13;Tandil;8.0;35.0;38;JU
762;901765;2022-10-07;12;Mar del Plata;11.0;24.0;40;VI
763;901766;2022-10-07;12;Junín;10.0;34.0;36;VI
764;901767;2022-10-08;13;Mar del Plata;11.0;35.0;36;SA
765;901768;2022-10-09;11;Olavarría;11.0;26.0;39;DO
766;901769;2022-10-09;10;Mar del Plata;12.0;37.0;36;DO
767;901770;2022-10-09;11;Junín;3.0;32.0;36;DO
768;901771;2022-10-09;15;Mar del Plata;12.0;30.0;40;DO
769;901772;2022-10-09;18;La Plata;5.0;26.0;46;DO
770;901773;2022-10-10;14;La Plata;5.0;34.0;41;LU
771;901774;2022-10-10;10;Mar del Plata;11.0;26.0;40;LU
772;901775;2022-10-10;14;La Plata;5.0;34.0;39;LU
773;901776;2022-10-11;13;Mar del Plata;7.0;33.0;44;MA
774;901777;2022-10-12;17;Mar del Plata;10.0;24.0;40;MI
775;901778;2022-10-12;18;Mar del Plata;10.0;24.0;38;MI
776;901779;2022-10-12;9;Tandil;10.0;26.0;42;MI
777;901780;2022-10-13;10;Mar del Plata;12.0;21.0;43;JU
778;901781;2022-10-14;12;Junín;8.0;30.0;40;VI
779;901782;2022-10-14;10;Junín;8.0;25.0;41;VI
780;901783;2022-10-15;11;La Plata;4.0;29.0;38;SA
781;901784;2022-10-16;17;Junín;4.0;39.0;40;DO
782;901785;2022-10-16;16;Mar del Plata;11.0;34.0;37;DO
783;901786;2022-10-16;14;Mar del Plata;11.0;33.0;44;DO
784;901787;2022-10-17;16;Mar del Plata;5.0;30.0;40;LU
785;901788;2022-10-17;11;Mar del Plata;8.0;29.0;43;LU
786;901789;2022-10-17;10;Mar del Plata;11.0;37.0;37;LU
787;901790;2022-10-18;12;Tandil;4.0;31.0;44;MA
788;901791;2022-10-18;11;Tandil;4.0;26.0;37;MA
789;901792;2022-10-19;17;La Plata;10.0;26.0;37;MI
790;901793;2022-10-19;15;Junín;11.0;39.0;38;MI
791;901794;2022-10-19;10;Mar del Plata;9.0;30.0;36;MI
792;901795;2022-10-19;16;Junín;12.0;20.0;370;MI
793;901796;2022-10-19;14;Mar del Plata;8.0;7.0;39;MI
794;901797;2022-10-19;14;Mar del Plata;10.0;37.0;40;MI
795;901798;2022-10-20;13;La Plata;3.0;26.0;35;JU
796;901799;2022-10-20;11;Mar del Plata;7.0;29.0;41;JU
797;901800;2022-10-20;9;Mar del Plata;7.0;36.0;40;JU
798;901801;2022-10-20;16;Mar del Plata;3.0;26.0;42;JU
799;901802;2022-10-21;11;Tandil;9.0;31.0;42;VI
800;901803;2022-10-21;17;Mar del Plata;3.0;28.0;37;VI
801;901804;2022-10-21;13;Mar del Plata;5.0;38.0;43;VI
802;901805;2022-10-21;17;Mar del Plata;12.0;33.0;39;VI
803;901806;2022-10-22;12;Mar del Plata;5.0;37.0;42;SA
804;901807;2022-10-22;13;Junín;6.0;28.0;41;SA
805;901808;2022-10-22;13;Junín;6.0;30.0;37;SA
806;901809;2022-10-22;16;Mar del Plata;9.0;31.0;37;SA
807;901810;2022-10-22;16;Mar del Plata;10.0;22.0;36;SA
808;901811;2022-10-22;10;Mar del Plata;3.0;33.0;38;SA
809;901812;2022-10-23;18;Junín;5.0;33.0;38;DO
810;901813;2022-10-24;11;Olavarría;3.0;25.0;38;LU
811;901814;2022-10-25;13;Mar del Plata;5.0;36.0;37;MA
812;901815;2022-10-26;17;Olavarría;4.0;31.0;37;MI
813;901816;2022-10-26;10;Olavarría;9.0;30.0;37;MI
814;901817;2022-10-27;14;Mar del Plata;6.0;37.0;39;JU
815;901818;2022-10-28;14;Junín;6.0;25.0;40;VI
816;901819;2022-10-28;12;Mar del Plata;11.0;33.0;45;VI
817;901820;2022-10-28;13;Mar del Plata;12.0;35.0;37;VI
818;901821;2022-10-28;10;Junín;6.0;27.0;39;VI
819;901822;2022-10-29;11;Tandil;9.0;20.0;43;SA
820;901823;2022-10-29;18;Olavarría;3.0;33.0;47;SA
821;901824;2022-10-30;11;Tandil;6.0;21.0;36;DO
822;901825;2022-10-30;13;Mar del Plata;3.0;30.0;39;DO
823;901826;2022-10-31;18;La Plata;9.0;35.0;37;LU
824;901827;2022-10-31;11;Mar del Plata;6.0;26.0;41;LU
825;901828;2022-10-31;18;La Plata;11.0;33.0;39;LU
826;901829;2022-11-01;9;Mar del Plata;7.0;29.0;42;MA
827;901830;2022-11-01;16;Tandil;12.0;30.0;41;MA
828;901831;2022-11-01;16;La Plata;10.0;23.0;38;MA
829;901832;2022-11-01;18;Mar del Plata;7.0;32.0;38;MA
830;901833;2022-11-01;13;Junín;4.0;20.0;36;MA
831;901834;2022-11-01;12;Mar del Plata;11.0;32.0;40;MA
832;901835;2022-11-01;18;Mar del Plata;9.0;27.0;38;MA
833;901836;2022-11-01;17;Junín;12.0;37.0;44;MA
834;901837;2022-11-02;11;Junín;9.0;24.0;40;MI
835;901838;2022-11-02;17;Mar del Plata;10.0;33.0;41;MI
836;901839;2022-11-02;11;Mar del Plata;10.0;34.0;41;MI
837;901840;2022-11-03;13;Mar del Plata;8.0;35.0;36;JU
838;901841;2022-11-03;11;Junín;6.0;37.0;38;JU
839;901842;2022-11-03;11;Olavarría;6.0;32.0;38;JU
840;901843;2022-11-04;17;Junín;3.0;39.0;40;VI
841;901844;2022-11-04;14;Junín;11.0;25.0;38;VI
842;901845;2022-11-04;11;Mar del Plata;6.0;25.0;42;VI
843;901846;2022-11-04;11;Tandil;9.0;34.0;40;VI
844;901847;2022-11-05;9;La Plata;11.0;30.0;40;SA
845;901848;2022-11-05;15;Mar del Plata;11.0;25.0;41;SA
846;901849;2022-11-06;16;Mar del Plata;3.0;35.0;42;DO
847;901850;2022-11-06;9;Mar del Plata;8.0;37.0;38;DO
848;901851;2022-11-07;16;Junín;4.0;31.0;36;LU
849;901852;2022-11-07;16;Tandil;9.0;33.0;43;LU
850;901853;2022-11-08;9;Mar del Plata;6.0;29.0;39;MA
851;901854;2022-11-09;14;Mar del Plata;7.0;33.0;43;MI
852;901855;2022-11-09;18;Tandil;4.0;27.0;37;MI
853;901856;2022-11-10;13;Olavarría;8.0;39.0;41;JU
854;901857;2022-11-10;15;Junín;11.0;32.0;40;JU
855;901858;2022-11-10;10;Junín;11.0;33.0;37;JU
856;901859;2022-11-10;13;Mar del Plata;10.0;36.0;37;JU
857;901860;2022-11-11;11;Mar del Plata;7.0;30.0;36;VI
858;901861;2022-11-11;10;Mar del Plata;12.0;31.0;42;VI
859;901862;2022-11-12;12;Tandil;11.0;37.0;41;SA
860;901863;2022-11-13;16;Tandil;5.0;23.0;43;DO
861;901864;2022-11-13;18;Mar del Plata;11.0;29.0;37;DO
862;901865;2022-11-13;14;Junín;9.0;23.0;48;DO
863;901866;2022-11-14;16;Mar del Plata;8.0;32.0;39;LU
864;901867;2022-11-14;17;Junín;11.0;24.0;37;LU
865;901868;2022-11-14;18;Junín;11.0;23.0;42;LU
866;901869;2022-11-14;15;Olavarría;12.0;33.0;37;LU
867;901870;2022-11-14;16;Olavarría;6.0;34.0;45;LU
868;901871;2022-11-15;15;Mar del Plata;4.0;28.0;41;MA
869;901872;2022-11-16;18;Junín;11.0;26.0;41;MI
870;901873;2022-11-16;11;Tandil;9.0;22.0;37;MI
871;901874;2022-11-17;9;Tandil;4.0;23.0;39;JU
872;901875;2022-11-18;15;Junín;3.0;26.0;42;VI
873;901876;2022-11-18;17;Tandil;6.0;34.0;38;VI
874;901877;2022-11-18;13;Mar del Plata;9.0;29.0;41;VI
875;901878;2022-11-18;17;Junín;12.0;27.0;37;VI
876;901879;2022-11-18;11;Mar del Plata;12.0;33.0;40;VI
877;901880;2022-11-18;12;La Plata;9.0;27.0;37;VI
879;901882;2022-11-19;18;Tandil;9.0;34.0;38;SA
880;901883;2022-11-19;14;Junín;4.0;28.0;40;SA
881;901884;2022-11-20;10;Mar del Plata;12.0;30.0;36;DO
882;901885;2022-11-20;9;La Plata;9.0;20.0;37;DO
883;901886;2022-11-20;12;Tandil;7.0;38.0;47;DO
884;901887;2022-11-21;12;Tandil;7.0;29.0;40;LU
885;901888;2022-11-21;9;Mar del Plata;12.0;23.0;41;LU
886;901889;2022-11-21;10;La Plata;7.0;36.0;47;LU
887;901890;2022-11-22;9;La Plata;5.0;37.0;41;MA
888;901891;2022-11-22;14;Tandil;10.0;22.0;39;MA
889;901892;2022-11-23;16;Mar del Plata;9.0;35.0;41;MI
890;901893;2022-11-23;15;Junín;3.0;22.0;38;MI
891;901894;2022-11-23;9;Mar del Plata;5.0;34.0;36;MI
892;901895;2022-11-23;18;Tandil;10.0;28.0;38;MI
893;901896;2022-11-24;17;Tandil;9.0;20.0;40;JU
894;901897;2022-11-24;9;Mar del Plata;12.0;31.0;46;JU
895;901898;2022-11-24;10;La Plata;12.0;38.0;38;JU
896;901899;2022-11-24;18;Tandil;4.0;2.0;39;JU
897;901900;2022-11-24;16;Olavarría;6.0;22.0;37;JU
898;901901;2022-11-24;14;Tandil;5.0;29.0;42;JU
899;901902;2022-11-24;15;Tandil;8.0;29.0;41;JU
900;901903;2022-11-24;10;Junín;3.0;35.0;39;JU
901;901904;2022-11-24;10;Mar del Plata;11.0;38.0;44;JU
902;901905;2022-11-24;16;Mar del Plata;12.0;38.0;42;JU
903;901906;2022-11-24;16;La Plata;9.0;26.0;36;JU
904;901907;2022-11-24;10;Olavarría;7.0;40.0;37;JU
905;901908;2022-11-25;11;Tandil;8.0;30.0;38;VI
906;901909;2022-11-25;17;Mar del Plata;7.0;26.0;42;VI
907;901910;2022-11-26;15;Mar del Plata;11.0;34.0;44;SA
908;901911;2022-11-26;9;Mar del Plata;7.0;23.0;49;SA
909;901912;2022-11-26;17;Junín;7.0;32.0;37;SA
910;901913;2022-11-26;13;Mar del Plata;4.0;22.0;36;SA
911;901914;2022-11-26;13;Mar del Plata;5.0;31.0;40;SA
912;901915;2022-11-26;17;Junín;11.0;23.0;36;SA
913;901916;2022-11-26;14;Mar del Plata;7.0;20.0;38;SA
914;901917;2022-11-27;13;Junín;3.0;20.0;37;DO
915;901918;2022-11-27;12;Junín;6.0;20.0;38;DO
916;901919;2022-11-27;18;Mar del Plata;4.0;32.0;42;DO
917;901920;2022-11-28;17;Junín;9.0;28.0;42;LU
918;901921;2022-11-28;16;Tandil;5.0;31.0;42;LU
919;901922;2022-11-28;17;La Plata;11.0;35.0;40;LU
921;901924;2022-11-30;11;Mar del Plata;10.0;31.0;44;MI
922;901925;2022-11-30;11;Mar del Plata;7.0;27.0;39;MI
923;901926;2022-11-30;9;Tandil;7.0;27.0;38;MI
924;901927;2022-12-01;17;Mar del Plata;8.0;24.0;37;JU
925;901928;2022-12-02;13;Junín;8.0;28.0;38;VI
926;901929;2022-12-02;9;Mar del Plata;12.0;25.0;40;VI
927;901930;2022-12-03;14;Tandil;6.0;28.0;39;SA
928;901931;2022-12-03;18;Tandil;4.0;28.0;39;SA
929;901932;2022-12-04;12;Tandil;12.0;23.0;39;DO
930;901933;2022-12-05;14;Mar del Plata;12.0;25.0;37;LU
931;901934;2022-12-06;13;La Plata;5.0;38.0;38;MA
932;901935;2022-12-07;15;Tandil;11.0;33.0;38;MI
933;901936;2022-12-07;11;Mar del Plata;11.0;27.0;51;MI
934;901937;2022-12-08;16;La Plata;12.0;32.0;44;JU
935;901938;2022-12-08;15;Junín;4.0;25.0;40;JU
936;901939;2022-12-08;13;Tandil;12.0;22.0;36;JU
937;901940;2022-12-08;16;Mar del Plata;4.0;24.0;45;JU
938;901941;2022-12-08;9;Mar del Plata;12.0;36.0;39;JU
939;901942;2022-12-08;17;Junín;3.0;37.0;36;JU
940;901943;2022-12-08;9;Junín;9.0;28.0;38;JU
941;901944;2022-12-08;12;Junín;3.0;29.0;42;JU
942;901945;2022-12-09;13;Mar del Plata;4.0;20.0;39;VI
943;901946;2022-12-09;9;Mar del Plata;9.0;38.0;39;VI
944;901947;2022-12-09;18;Mar del Plata;3.0;26.0;39;VI
945;901948;2022-12-09;10;Tandil;10.0;35.0;36;VI
946;901949;2022-12-09;13;Mar del Plata;10.0;32.0;43;VI
947;901950;2022-12-09;12;Junín;4.0;35.0;42;VI
948;901951;2022-12-09;12;Junín;5.0;30.0;42;VI
949;901952;2022-12-09;15;Mar del Plata;4.0;39.0;44;VI
950;901953;2022-12-09;15;Mar del Plata;11.0;36.0;41;VI
951;901954;2022-12-10;10;La Plata;4.0;26.0;50;SA
952;901955;2022-12-11;13;Mar del Plata;4.0;31.0;37;DO
953;901956;2022-12-11;16;Tandil;9.0;36.0;47;DO
954;901957;2022-12-11;12;Mar del Plata;10.0;36.0;39;DO
955;901958;2022-12-11;16;Junín;6.0;40.0;45;DO
956;901959;2022-12-11;16;Tandil;12.0;38.0;37;DO
957;901960;2022-12-11;17;Mar del Plata;7.0;31.0;40;DO
958;901961;2022-12-12;13;Tandil;6.0;35.0;40;LU
959;901962;2022-12-12;15;Junín;3.0;28.0;40;LU
960;901963;2022-12-13;16;Mar del Plata;12.0;33.0;41;MA
961;901964;2022-12-14;11;Mar del Plata;12.0;26.0;36;MI
962;901965;2022-12-14;11;Mar del Plata;5.0;33.0;37;MI
963;901966;2022-12-15;18;Mar del Plata;5.0;25.0;36;JU
964;901967;2022-12-15;9;Tandil;5.0;31.0;37;JU
965;901968;2022-12-16;15;Junín;6.0;33.0;44;VI
966;901969;2022-12-16;12;Junín;4.0;20.0;39;VI
967;901970;2022-12-17;11;Tandil;11.0;37.0;38;SA
968;901971;2022-12-18;18;La Plata;4.0;24.0;41;DO
969;901972;2022-12-18;11;Mar del Plata;9.0;24.0;43;DO
970;901973;2022-12-19;16;Mar del Plata;7.0;33.0;38;LU
971;901974;2022-12-20;9;Junín;8.0;30.0;42;MA
972;901975;2022-12-21;17;Mar del Plata;8.0;32.0;39;MI
973;901976;2022-12-21;9;Mar del Plata;4.0;26.0;41;MI
974;901977;2022-12-22;12;Mar del Plata;10.0;28.0;41;JU
975;901978;2022-12-22;11;Mar del Plata;10.0;35.0;44;JU
976;901979;2022-12-22;16;La Plata;3.0;22.0;43;JU
977;901980;2022-12-22;18;La Plata;12.0;28.0;37;JU
978;901981;2022-12-22;15;Tandil;10.0;32.0;36;JU
979;901982;2022-12-22;9;Mar del Plata;3.0;31.0;40;JU
980;901983;2022-12-22;10;Tandil;6.0;31.0;45;JU
981;901984;2022-12-22;14;Mar del Plata;11.0;36.0;36;JU
982;901985;2022-12-22;13;Mar del Plata;9.0;30.0;39;JU
983;901986;2022-12-22;14;Tandil;3.0;34.0;40;JU
984;901987;2022-12-22;11;Tandil;4.0;28.0;36;JU
985;901988;2022-12-22;15;La Plata;4.0;31.0;37;JU
986;901989;2022-12-22;10;Mar del Plata;6.0;40.0;36;JU
987;901990;2022-12-23;13;Tandil;11.0;36.0;40;VI
988;901991;2022-12-24;9;Junín;11.0;35.0;39;SA
989;901992;2022-12-25;13;Mar del Plata;8.0;27.0;40;DO
990;901993;2022-12-26;17;Junín;5.0;25.0;53;LU
991;901994;2022-12-26;13;Mar del Plata;7.0;34.0;45;LU
992;901995;2022-12-27;10;Tandil;12.0;30.0;39;MA
993;901996;2022-12-27;9;Mar del Plata;10.0;29.0;42;MA
994;901997;2022-12-27;15;Mar del Plata;5.0;35.0;37;MA
995;901998;2022-12-27;9;La Plata;8.0;32.0;42;MA
996;901999;2022-12-27;9;Mar del Plata;11.0;31.0;47;MA
997;902000;2022-12-28;13;Tandil;6.0;22.0;500;MI
998;902001;2022-12-29;9;Mar del Plata;7.0;25.0;36;JU
999;902002;2022-12-30;13;Mar del Plata;3.0;34.0;40;VI
